{
  "subject_id": "4",
  "nights": [
    {
      "night_index": "04_20231103_BCG",
      "CSI": 0.4503655444793982,
      "CStab": 0.5832228572943773,
      "quality_ratio": 0.9701897018970188,
      "mean_std": 1032.5997736614129,
      "mean_rms": 1045.710236129325,
      "mean_energy": 19874665728.064137,
      "anomaly_score": 0.45436507793999165,
      "is_anomaly": 0,
      "night_status": "good",
      "action_effects": {
        "no_action": {
          "dCSI": -0.0256,
          "dCStab": -0.0128
        },
        "sleep_earlier": {
          "dCSI": 0.1026,
          "dCStab": 0.0897
        },
        "sleep_hygiene": {
          "dCSI": 0.1539,
          "dCStab": 0.1282
        },
        "nap": {
          "dCSI": 0.0513,
          "dCStab": 0.0385
        },
        "exercise_relax": {
          "dCSI": 0.0385,
          "dCStab": 0.0641
        }
      }
    },
    {
      "night_index": "04_20231104_BCG",
      "CSI": 0.0,
      "CStab": 1.0,
      "quality_ratio": 0.9733210671573136,
      "mean_std": 658.9338805901157,
      "mean_rms": 661.9632441061026,
      "mean_energy": 6551178077.265869,
      "anomaly_score": 0.4482395673920424,
      "is_anomaly": 1,
      "night_status": "bad",
      "action_effects": {
        "no_action": {
          "dCSI": -0.0257,
          "dCStab": -0.0128
        },
        "sleep_earlier": {
          "dCSI": 0.1027,
          "dCStab": 0.0899
        },
        "sleep_hygiene": {
          "dCSI": 0.1541,
          "dCStab": 0.1284
        },
        "nap": {
          "dCSI": 0.0514,
          "dCStab": 0.0385
        },
        "exercise_relax": {
          "dCSI": 0.0385,
          "dCStab": 0.0642
        }
      }
    },
    {
      "night_index": "04_20231105_BCG",
      "CSI": 0.2094189583987467,
      "CStab": 0.779526766550765,
      "quality_ratio": 0.9672566371681416,
      "mean_std": 856.60145693634,
      "mean_rms": 860.9105017928023,
      "mean_energy": 11840886719.704424,
      "anomaly_score": 0.0,
      "is_anomaly": 0,
      "night_status": "moderate",
      "action_effects": {
        "no_action": {
          "dCSI": -0.0256,
          "dCStab": -0.0128
        },
        "sleep_earlier": {
          "dCSI": 0.1024,
          "dCStab": 0.0896
        },
        "sleep_hygiene": {
          "dCSI": 0.1536,
          "dCStab": 0.128
        },
        "nap": {
          "dCSI": 0.0512,
          "dCStab": 0.0384
        },
        "exercise_relax": {
          "dCSI": 0.0384,
          "dCStab": 0.064
        }
      }
    },
    {
      "night_index": "04_20231106_BCG",
      "CSI": 0.1796808806307069,
      "CStab": 0.8043376229903809,
      "quality_ratio": 0.965034965034965,
      "mean_std": 834.3570248900245,
      "mean_rms": 837.7819488001292,
      "mean_energy": 10863486132.662588,
      "anomaly_score": 0.056752453553852486,
      "is_anomaly": 0,
      "night_status": "moderate",
      "action_effects": {
        "no_action": {
          "dCSI": -0.0256,
          "dCStab": -0.0128
        },
        "sleep_earlier": {
          "dCSI": 0.1023,
          "dCStab": 0.0895
        },
        "sleep_hygiene": {
          "dCSI": 0.1535,
          "dCStab": 0.1279
        },
        "nap": {
          "dCSI": 0.0512,
          "dCStab": 0.0384
        },
        "exercise_relax": {
          "dCSI": 0.0384,
          "dCStab": 0.064
        }
      }
    },
    {
      "night_index": "04_20231107_BCG",
      "CSI": 1.0,
      "CStab": 0.0,
      "quality_ratio": 0.9648068669527896,
      "mean_std": 1555.4943076940176,
      "mean_rms": 1575.0976619231958,
      "mean_energy": 33438246277.043777,
      "anomaly_score": 1.6342209003417119,
      "is_anomaly": 1,
      "night_status": "bad",
      "action_effects": {
        "no_action": {
          "dCSI": -0.0256,
          "dCStab": -0.0128
        },
        "sleep_earlier": {
          "dCSI": 0.1023,
          "dCStab": 0.0895
        },
        "sleep_hygiene": {
          "dCSI": 0.1535,
          "dCStab": 0.1279
        },
        "nap": {
          "dCSI": 0.0512,
          "dCStab": 0.0384
        },
        "exercise_relax": {
          "dCSI": 0.0384,
          "dCStab": 0.0639
        }
      }
    },
    {
      "night_index": "04_20231108_BCG",
      "CSI": 0.8007931192555034,
      "CStab": 0.1648650788279372,
      "quality_ratio": 0.9667519181585678,
      "mean_std": 1407.6828022055238,
      "mean_rms": 1424.08762756267,
      "mean_energy": 26717716153.76641,
      "anomaly_score": 1.2543338483355697,
      "is_anomaly": 0,
      "night_status": "moderate",
      "action_effects": {
        "no_action": {
          "dCSI": -0.0256,
          "dCStab": -0.0128
        },
        "sleep_earlier": {
          "dCSI": 0.1024,
          "dCStab": 0.0896
        },
        "sleep_hygiene": {
          "dCSI": 0.1536,
          "dCStab": 0.128
        },
        "nap": {
          "dCSI": 0.0512,
          "dCStab": 0.0384
        },
        "exercise_relax": {
          "dCSI": 0.0384,
          "dCStab": 0.064
        }
      }
    },
    {
      "night_index": "04_20231109_BCG",
      "CSI": 0.1559426830473298,
      "CStab": 0.8338296060632973,
      "quality_ratio": 0.966010733452594,
      "mean_std": 807.9156799500295,
      "mean_rms": 812.0367510164372,
      "mean_energy": 10404953422.65474,
      "anomaly_score": 0.11248130845515178,
      "is_anomaly": 0,
      "night_status": "moderate",
      "action_effects": {
        "no_action": {
          "dCSI": -0.0256,
          "dCStab": -0.0128
        },
        "sleep_earlier": {
          "dCSI": 0.1024,
          "dCStab": 0.0896
        },
        "sleep_hygiene": {
          "dCSI": 0.1536,
          "dCStab": 0.128
        },
        "nap": {
          "dCSI": 0.0512,
          "dCStab": 0.0384
        },
        "exercise_relax": {
          "dCSI": 0.0384,
          "dCStab": 0.064
        }
      }
    }
  ]
}