{
  "subject_id": "8",
  "nights": [
    {
      "night_index": "08_20231110_BCG",
      "CSI": 0.9942962047006147,
      "CStab": 0.0,
      "quality_ratio": 0.9652076318742986,
      "mean_std": 1604.807833507148,
      "mean_rms": 1623.329651452686,
      "mean_energy": 28546787320.286198,
      "anomaly_score": 0.8629904218566514,
      "is_anomaly": 1,
      "night_status": "bad",
      "action_effects": {
        "no_action": {
          "dCSI": -0.0256,
          "dCStab": -0.0128
        },
        "sleep_earlier": {
          "dCSI": 0.1023,
          "dCStab": 0.0895
        },
        "sleep_hygiene": {
          "dCSI": 0.1535,
          "dCStab": 0.1279
        },
        "nap": {
          "dCSI": 0.0512,
          "dCStab": 0.0384
        },
        "exercise_relax": {
          "dCSI": 0.0384,
          "dCStab": 0.064
        }
      }
    },
    {
      "night_index": "08_20231111_BCG",
      "CSI": 0.614347702559026,
      "CStab": 0.3973582038619053,
      "quality_ratio": 0.9701636188642926,
      "mean_std": 1483.9918814213502,
      "mean_rms": 1500.1535409380574,
      "mean_energy": 24986127391.854668,
      "anomaly_score": 0.12494919389629652,
      "is_anomaly": 0,
      "night_status": "moderate",
      "action_effects": {
        "no_action": {
          "dCSI": -0.0256,
          "dCStab": -0.0128
        },
        "sleep_earlier": {
          "dCSI": 0.1026,
          "dCStab": 0.0897
        },
        "sleep_hygiene": {
          "dCSI": 0.1539,
          "dCStab": 0.1282
        },
        "nap": {
          "dCSI": 0.0513,
          "dCStab": 0.0385
        },
        "exercise_relax": {
          "dCSI": 0.0385,
          "dCStab": 0.0641
        }
      }
    },
    {
      "night_index": "08_20231112_BCG",
      "CSI": 0.6161867290923089,
      "CStab": 0.3471473114590142,
      "quality_ratio": 0.9642184557438794,
      "mean_std": 1499.258400928875,
      "mean_rms": 1510.8866792625038,
      "mean_energy": 24524773349.59699,
      "anomaly_score": 0.18020298972389268,
      "is_anomaly": 0,
      "night_status": "moderate",
      "action_effects": {
        "no_action": {
          "dCSI": -0.0256,
          "dCStab": -0.0128
        },
        "sleep_earlier": {
          "dCSI": 0.1023,
          "dCStab": 0.0895
        },
        "sleep_hygiene": {
          "dCSI": 0.1534,
          "dCStab": 0.1279
        },
        "nap": {
          "dCSI": 0.0511,
          "dCStab": 0.0384
        },
        "exercise_relax": {
          "dCSI": 0.0384,
          "dCStab": 0.0639
        }
      }
    },
    {
      "night_index": "08_20231113_BCG",
      "CSI": 0.3318444099265089,
      "CStab": 0.6745155313435858,
      "quality_ratio": 0.9679037111334002,
      "mean_std": 1399.7227608348992,
      "mean_rms": 1412.9433574792504,
      "mean_energy": 22132113939.3992,
      "anomaly_score": 0.40469445553354755,
      "is_anomaly": 0,
      "night_status": "moderate",
      "action_effects": {
        "no_action": {
          "dCSI": -0.0256,
          "dCStab": -0.0128
        },
        "sleep_earlier": {
          "dCSI": 0.1025,
          "dCStab": 0.0897
        },
        "sleep_hygiene": {
          "dCSI": 0.1537,
          "dCStab": 0.1281
        },
        "nap": {
          "dCSI": 0.0512,
          "dCStab": 0.0384
        },
        "exercise_relax": {
          "dCSI": 0.0384,
          "dCStab": 0.064
        }
      }
    },
    {
      "night_index": "08_20231114_BCG",
      "CSI": 0.0,
      "CStab": 1.0,
      "quality_ratio": 0.9685658153241652,
      "mean_std": 1300.759871462843,
      "mean_rms": 1309.717419662105,
      "mean_energy": 18816637579.46071,
      "anomaly_score": 1.0260644258500837,
      "is_anomaly": 1,
      "night_status": "bad",
      "action_effects": {
        "no_action": {
          "dCSI": -0.0256,
          "dCStab": -0.0128
        },
        "sleep_earlier": {
          "dCSI": 0.1025,
          "dCStab": 0.0897
        },
        "sleep_hygiene": {
          "dCSI": 0.1537,
          "dCStab": 0.1281
        },
        "nap": {
          "dCSI": 0.0512,
          "dCStab": 0.0384
        },
        "exercise_relax": {
          "dCSI": 0.0384,
          "dCStab": 0.0641
        }
      }
    },
    {
      "night_index": "08_20231115_BCG",
      "CSI": 0.3043169208133075,
      "CStab": 0.8762652798635052,
      "quality_ratio": 0.9700214132762311,
      "mean_std": 1338.3811609544666,
      "mean_rms": 1355.576729402372,
      "mean_energy": 24161221567.185223,
      "anomaly_score": 0.632773716533275,
      "is_anomaly": 0,
      "night_status": "moderate",
      "action_effects": {
        "no_action": {
          "dCSI": -0.0256,
          "dCStab": -0.0128
        },
        "sleep_earlier": {
          "dCSI": 0.1026,
          "dCStab": 0.0897
        },
        "sleep_hygiene": {
          "dCSI": 0.1538,
          "dCStab": 0.1282
        },
        "nap": {
          "dCSI": 0.0513,
          "dCStab": 0.0385
        },
        "exercise_relax": {
          "dCSI": 0.0385,
          "dCStab": 0.0641
        }
      }
    },
    {
      "night_index": "08_20231116_BCG",
      "CSI": 0.7412223961133573,
      "CStab": 0.4590455961007815,
      "quality_ratio": 0.9661016949152542,
      "mean_std": 1465.2359555272922,
      "mean_rms": 1488.0699482988375,
      "mean_energy": 28687541356.69944,
      "anomaly_score": 0.17411294841962885,
      "is_anomaly": 0,
      "night_status": "good",
      "action_effects": {
        "no_action": {
          "dCSI": -0.0256,
          "dCStab": -0.0128
        },
        "sleep_earlier": {
          "dCSI": 0.1024,
          "dCStab": 0.0896
        },
        "sleep_hygiene": {
          "dCSI": 0.1536,
          "dCStab": 0.128
        },
        "nap": {
          "dCSI": 0.0512,
          "dCStab": 0.0384
        },
        "exercise_relax": {
          "dCSI": 0.0384,
          "dCStab": 0.064
        }
      }
    }
  ]
}