{
  "subject_id": "10",
  "nights": [
    {
      "night_index": "10_20231110_BCG",
      "CSI": 1.0,
      "CStab": 0.0,
      "quality_ratio": 0.967849223946785,
      "mean_std": 777.0908500842268,
      "mean_rms": 784.3357496527713,
      "mean_energy": 12535446159.96674,
      "anomaly_score": 0.9663860529188636,
      "is_anomaly": 1,
      "night_status": "bad",
      "action_effects": {
        "no_action": {
          "dCSI": -0.0256,
          "dCStab": -0.0128
        },
        "sleep_earlier": {
          "dCSI": 0.1025,
          "dCStab": 0.0896
        },
        "sleep_hygiene": {
          "dCSI": 0.1537,
          "dCStab": 0.1281
        },
        "nap": {
          "dCSI": 0.0512,
          "dCStab": 0.0384
        },
        "exercise_relax": {
          "dCSI": 0.0384,
          "dCStab": 0.064
        }
      }
    },
    {
      "night_index": "10_20231111_BCG",
      "CSI": 0.0,
      "CStab": 1.0,
      "quality_ratio": 0.979957805907173,
      "mean_std": 540.1231426598841,
      "mean_rms": 544.3432673667465,
      "mean_energy": 5200287392.937764,
      "anomaly_score": 1.0975154631583741,
      "is_anomaly": 1,
      "night_status": "bad",
      "action_effects": {
        "no_action": {
          "dCSI": -0.0258,
          "dCStab": -0.0129
        },
        "sleep_earlier": {
          "dCSI": 0.103,
          "dCStab": 0.0902
        },
        "sleep_hygiene": {
          "dCSI": 0.1546,
          "dCStab": 0.1288
        },
        "nap": {
          "dCSI": 0.0515,
          "dCStab": 0.0386
        },
        "exercise_relax": {
          "dCSI": 0.0386,
          "dCStab": 0.0644
        }
      }
    },
    {
      "night_index": "10_20231112_BCG",
      "CSI": 0.6694222888786681,
      "CStab": 0.1895841863369592,
      "quality_ratio": 0.965965965965966,
      "mean_std": 732.1655200840481,
      "mean_rms": 736.408744878735,
      "mean_energy": 8670616179.826826,
      "anomaly_score": 0.1261586922567585,
      "is_anomaly": 0,
      "night_status": "moderate",
      "action_effects": {
        "no_action": {
          "dCSI": -0.0256,
          "dCStab": -0.0128
        },
        "sleep_earlier": {
          "dCSI": 0.1024,
          "dCStab": 0.0896
        },
        "sleep_hygiene": {
          "dCSI": 0.1535,
          "dCStab": 0.128
        },
        "nap": {
          "dCSI": 0.0512,
          "dCStab": 0.0384
        },
        "exercise_relax": {
          "dCSI": 0.0384,
          "dCStab": 0.064
        }
      }
    },
    {
      "night_index": "10_20231113_BCG",
      "CSI": 0.6138481788677816,
      "CStab": 0.3977546632490581,
      "quality_ratio": 0.966900702106319,
      "mean_std": 682.835839416756,
      "mean_rms": 688.3508831823431,
      "mean_energy": 9854773178.614843,
      "anomaly_score": 0.1885334574191815,
      "is_anomaly": 0,
      "night_status": "moderate",
      "action_effects": {
        "no_action": {
          "dCSI": -0.0256,
          "dCStab": -0.0128
        },
        "sleep_earlier": {
          "dCSI": 0.1024,
          "dCStab": 0.0896
        },
        "sleep_hygiene": {
          "dCSI": 0.1536,
          "dCStab": 0.128
        },
        "nap": {
          "dCSI": 0.0512,
          "dCStab": 0.0384
        },
        "exercise_relax": {
          "dCSI": 0.0384,
          "dCStab": 0.064
        }
      }
    },
    {
      "night_index": "10_20231114_BCG",
      "CSI": 0.4740248580907486,
      "CStab": 0.5520117040607417,
      "quality_ratio": 0.9714285714285714,
      "mean_std": 646.2819021015481,
      "mean_rms": 651.1664349887562,
      "mean_energy": 8995472380.037037,
      "anomaly_score": 0.08039928321827382,
      "is_anomaly": 0,
      "night_status": "good",
      "action_effects": {
        "no_action": {
          "dCSI": -0.0257,
          "dCStab": -0.0128
        },
        "sleep_earlier": {
          "dCSI": 0.1026,
          "dCStab": 0.0898
        },
        "sleep_hygiene": {
          "dCSI": 0.1539,
          "dCStab": 0.1283
        },
        "nap": {
          "dCSI": 0.0513,
          "dCStab": 0.0385
        },
        "exercise_relax": {
          "dCSI": 0.0385,
          "dCStab": 0.0641
        }
      }
    },
    {
      "night_index": "10_20231115_BCG",
      "CSI": 0.8082328965196569,
      "CStab": 0.0422244605514532,
      "quality_ratio": 0.9647435897435898,
      "mean_std": 767.0850164701193,
      "mean_rms": 771.4345097962407,
      "mean_energy": 9610313327.830128,
      "anomaly_score": 0.40469445599727916,
      "is_anomaly": 0,
      "night_status": "moderate",
      "action_effects": {
        "no_action": {
          "dCSI": -0.0256,
          "dCStab": -0.0128
        },
        "sleep_earlier": {
          "dCSI": 0.1023,
          "dCStab": 0.0895
        },
        "sleep_hygiene": {
          "dCSI": 0.1535,
          "dCStab": 0.1279
        },
        "nap": {
          "dCSI": 0.0512,
          "dCStab": 0.0384
        },
        "exercise_relax": {
          "dCSI": 0.0384,
          "dCStab": 0.0639
        }
      }
    },
    {
      "night_index": "10_20231116_BCG",
      "CSI": 0.3219321085213987,
      "CStab": 0.7606135454197966,
      "quality_ratio": 0.9644087256027556,
      "mean_std": 596.8500019901965,
      "mean_rms": 601.0299937526477,
      "mean_energy": 8504975444.313433,
      "anomaly_score": 0.32216985290138317,
      "is_anomaly": 0,
      "night_status": "moderate",
      "action_effects": {
        "no_action": {
          "dCSI": -0.0256,
          "dCStab": -0.0128
        },
        "sleep_earlier": {
          "dCSI": 0.1023,
          "dCStab": 0.0895
        },
        "sleep_hygiene": {
          "dCSI": 0.1534,
          "dCStab": 0.1279
        },
        "nap": {
          "dCSI": 0.0511,
          "dCStab": 0.0384
        },
        "exercise_relax": {
          "dCSI": 0.0384,
          "dCStab": 0.0639
        }
      }
    }
  ]
}