{
  "subject_id": "5",
  "nights": [
    {
      "night_index": "05_20231103_BCG",
      "CSI": 0.4291496568620294,
      "CStab": 0.4961742456394116,
      "quality_ratio": 0.9665653495440728,
      "mean_std": 828.4564410916852,
      "mean_rms": 838.1481685547951,
      "mean_energy": 11881021281.274569,
      "anomaly_score": 0.0529478400404366,
      "is_anomaly": 0,
      "night_status": "moderate",
      "action_effects": {
        "no_action": {
          "dCSI": -0.0256,
          "dCStab": -0.0128
        },
        "sleep_earlier": {
          "dCSI": 0.1024,
          "dCStab": 0.0896
        },
        "sleep_hygiene": {
          "dCSI": 0.1536,
          "dCStab": 0.128
        },
        "nap": {
          "dCSI": 0.0512,
          "dCStab": 0.0384
        },
        "exercise_relax": {
          "dCSI": 0.0384,
          "dCStab": 0.064
        }
      }
    },
    {
      "night_index": "05_20231104_BCG",
      "CSI": 0.6996411064297096,
      "CStab": 0.192592571568594,
      "quality_ratio": 0.9661590524534688,
      "mean_std": 910.3342879535418,
      "mean_rms": 918.784531822128,
      "mean_energy": 13056165299.6066,
      "anomaly_score": 0.4282413720639937,
      "is_anomaly": 1,
      "night_status": "bad",
      "action_effects": {
        "no_action": {
          "dCSI": -0.0256,
          "dCStab": -0.0128
        },
        "sleep_earlier": {
          "dCSI": 0.1024,
          "dCStab": 0.0896
        },
        "sleep_hygiene": {
          "dCSI": 0.1536,
          "dCStab": 0.128
        },
        "nap": {
          "dCSI": 0.0512,
          "dCStab": 0.0384
        },
        "exercise_relax": {
          "dCSI": 0.0384,
          "dCStab": 0.064
        }
      }
    },
    {
      "night_index": "05_20231105_BCG",
      "CSI": 0.0068977835808085,
      "CStab": 0.987502301501358,
      "quality_ratio": 0.9657348963029756,
      "mean_std": 695.9422389748148,
      "mean_rms": 703.1107807540244,
      "mean_energy": 10305800873.640217,
      "anomaly_score": 0.5329310706611258,
      "is_anomaly": 0,
      "night_status": "moderate",
      "action_effects": {
        "no_action": {
          "dCSI": -0.0256,
          "dCStab": -0.0128
        },
        "sleep_earlier": {
          "dCSI": 0.1024,
          "dCStab": 0.0896
        },
        "sleep_hygiene": {
          "dCSI": 0.1535,
          "dCStab": 0.1279
        },
        "nap": {
          "dCSI": 0.0512,
          "dCStab": 0.0384
        },
        "exercise_relax": {
          "dCSI": 0.0384,
          "dCStab": 0.064
        }
      }
    },
    {
      "night_index": "05_20231106_BCG",
      "CSI": 0.1390226481177831,
      "CStab": 0.8607232434116,
      "quality_ratio": 0.965270684371808,
      "mean_std": 730.1353316090631,
      "mean_rms": 737.8598708927641,
      "mean_energy": 11011103424.40143,
      "anomaly_score": 0.35986743058960774,
      "is_anomaly": 0,
      "night_status": "moderate",
      "action_effects": {
        "no_action": {
          "dCSI": -0.0256,
          "dCStab": -0.0128
        },
        "sleep_earlier": {
          "dCSI": 0.1023,
          "dCStab": 0.0895
        },
        "sleep_hygiene": {
          "dCSI": 0.1535,
          "dCStab": 0.1279
        },
        "nap": {
          "dCSI": 0.0512,
          "dCStab": 0.0384
        },
        "exercise_relax": {
          "dCSI": 0.0384,
          "dCStab": 0.064
        }
      }
    },
    {
      "night_index": "05_20231107_BCG",
      "CSI": 0.0,
      "CStab": 1.0,
      "quality_ratio": 0.9717779868297272,
      "mean_std": 692.5715327326496,
      "mean_rms": 700.144901580942,
      "mean_energy": 10301577181.19097,
      "anomaly_score": 0.5449465214306433,
      "is_anomaly": 0,
      "night_status": "moderate",
      "action_effects": {
        "no_action": {
          "dCSI": -0.0257,
          "dCStab": -0.0128
        },
        "sleep_earlier": {
          "dCSI": 0.1026,
          "dCStab": 0.0898
        },
        "sleep_hygiene": {
          "dCSI": 0.154,
          "dCStab": 0.1283
        },
        "nap": {
          "dCSI": 0.0513,
          "dCStab": 0.0385
        },
        "exercise_relax": {
          "dCSI": 0.0385,
          "dCStab": 0.0642
        }
      }
    },
    {
      "night_index": "05_20231108_BCG",
      "CSI": 1.0,
      "CStab": 0.0,
      "quality_ratio": 0.9672897196261684,
      "mean_std": 962.277690432922,
      "mean_rms": 971.1112014779168,
      "mean_energy": 15414313857.510511,
      "anomaly_score": 0.7853561527868695,
      "is_anomaly": 1,
      "night_status": "bad",
      "action_effects": {
        "no_action": {
          "dCSI": -0.0256,
          "dCStab": -0.0128
        },
        "sleep_earlier": {
          "dCSI": 0.1024,
          "dCStab": 0.0896
        },
        "sleep_hygiene": {
          "dCSI": 0.1536,
          "dCStab": 0.128
        },
        "nap": {
          "dCSI": 0.0512,
          "dCStab": 0.0384
        },
        "exercise_relax": {
          "dCSI": 0.0384,
          "dCStab": 0.064
        }
      }
    },
    {
      "night_index": "05_20231109_BCG",
      "CSI": 0.3832315314124202,
      "CStab": 0.5268467076065603,
      "quality_ratio": 0.9676375404530744,
      "mean_std": 820.1838892273178,
      "mean_rms": 828.4262247077245,
      "mean_energy": 11569261304.134844,
      "anomaly_score": 0.0,
      "is_anomaly": 0,
      "night_status": "moderate",
      "action_effects": {
        "no_action": {
          "dCSI": -0.0256,
          "dCStab": -0.0128
        },
        "sleep_earlier": {
          "dCSI": 0.1024,
          "dCStab": 0.0896
        },
        "sleep_hygiene": {
          "dCSI": 0.1537,
          "dCStab": 0.1281
        },
        "nap": {
          "dCSI": 0.0512,
          "dCStab": 0.0384
        },
        "exercise_relax": {
          "dCSI": 0.0384,
          "dCStab": 0.064
        }
      }
    }
  ]
}