{
  "subject_id": "2",
  "nights": [
    {
      "night_index": "02_20231103_BCG",
      "CSI": 0.0133937047933718,
      "CStab": 0.9776104226677956,
      "quality_ratio": 0.969472710453284,
      "mean_std": 734.5614708600937,
      "mean_rms": 741.6644813538405,
      "mean_energy": 8487143319.41258,
      "anomaly_score": 0.4052049020225998,
      "is_anomaly": 0,
      "night_status": "moderate",
      "action_effects": {
        "no_action": {
          "dCSI": -0.0256,
          "dCStab": -0.0128
        },
        "sleep_earlier": {
          "dCSI": 0.1025,
          "dCStab": 0.0897
        },
        "sleep_hygiene": {
          "dCSI": 0.1538,
          "dCStab": 0.1282
        },
        "nap": {
          "dCSI": 0.0513,
          "dCStab": 0.0385
        },
        "exercise_relax": {
          "dCSI": 0.0385,
          "dCStab": 0.0641
        }
      }
    },
    {
      "night_index": "02_20231104_BCG",
      "CSI": 1.0,
      "CStab": 0.0,
      "quality_ratio": 0.9631474103585658,
      "mean_std": 1376.9661288451466,
      "mean_rms": 1386.2615075669432,
      "mean_energy": 18299212218.701195,
      "anomaly_score": 2.4885479314891894,
      "is_anomaly": 1,
      "night_status": "bad",
      "action_effects": {
        "no_action": {
          "dCSI": -0.0256,
          "dCStab": -0.0128
        },
        "sleep_earlier": {
          "dCSI": 0.1022,
          "dCStab": 0.0895
        },
        "sleep_hygiene": {
          "dCSI": 0.1533,
          "dCStab": 0.1278
        },
        "nap": {
          "dCSI": 0.0511,
          "dCStab": 0.0383
        },
        "exercise_relax": {
          "dCSI": 0.0383,
          "dCStab": 0.0639
        }
      }
    },
    {
      "night_index": "02_20231105_BCG",
      "CSI": 0.2380118425359484,
      "CStab": 0.7139229102946587,
      "quality_ratio": 0.9650122050447518,
      "mean_std": 907.8350799310116,
      "mean_rms": 912.7548671055358,
      "mean_energy": 10177757434.302685,
      "anomaly_score": 0.3201570992190055,
      "is_anomaly": 0,
      "night_status": "moderate",
      "action_effects": {
        "no_action": {
          "dCSI": -0.0256,
          "dCStab": -0.0128
        },
        "sleep_earlier": {
          "dCSI": 0.1023,
          "dCStab": 0.0895
        },
        "sleep_hygiene": {
          "dCSI": 0.1535,
          "dCStab": 0.1279
        },
        "nap": {
          "dCSI": 0.0512,
          "dCStab": 0.0384
        },
        "exercise_relax": {
          "dCSI": 0.0384,
          "dCStab": 0.064
        }
      }
    },
    {
      "night_index": "02_20231106_BCG",
      "CSI": 0.1782290375784329,
      "CStab": 0.8407733126194942,
      "quality_ratio": 0.970364098221846,
      "mean_std": 824.4794942792377,
      "mean_rms": 832.9286451594459,
      "mean_energy": 10493262191.091448,
      "anomaly_score": 0.03602360032995181,
      "is_anomaly": 0,
      "night_status": "moderate",
      "action_effects": {
        "no_action": {
          "dCSI": -0.0256,
          "dCStab": -0.0128
        },
        "sleep_earlier": {
          "dCSI": 0.1026,
          "dCStab": 0.0898
        },
        "sleep_hygiene": {
          "dCSI": 0.1539,
          "dCStab": 0.1282
        },
        "nap": {
          "dCSI": 0.0513,
          "dCStab": 0.0385
        },
        "exercise_relax": {
          "dCSI": 0.0385,
          "dCStab": 0.0641
        }
      }
    },
    {
      "night_index": "02_20231107_BCG",
      "CSI": 0.2626099074982147,
      "CStab": 0.7596179203517567,
      "quality_ratio": 0.9670818505338078,
      "mean_std": 877.8081012627116,
      "mean_rms": 886.8590495324987,
      "mean_energy": 11359233139.539146,
      "anomaly_score": 0.27932240283459386,
      "is_anomaly": 0,
      "night_status": "moderate",
      "action_effects": {
        "no_action": {
          "dCSI": -0.0256,
          "dCStab": -0.0128
        },
        "sleep_earlier": {
          "dCSI": 0.1024,
          "dCStab": 0.0896
        },
        "sleep_hygiene": {
          "dCSI": 0.1536,
          "dCStab": 0.128
        },
        "nap": {
          "dCSI": 0.0512,
          "dCStab": 0.0384
        },
        "exercise_relax": {
          "dCSI": 0.0384,
          "dCStab": 0.064
        }
      }
    },
    {
      "night_index": "02_20231108_BCG",
      "CSI": 0.0828322773986051,
      "CStab": 0.9332033713968476,
      "quality_ratio": 0.9696157283288652,
      "mean_std": 763.7421096118677,
      "mean_rms": 773.0981786836527,
      "mean_energy": 9488778602.612154,
      "anomaly_score": 0.24146338957167096,
      "is_anomaly": 0,
      "night_status": "moderate",
      "action_effects": {
        "no_action": {
          "dCSI": -0.0256,
          "dCStab": -0.0128
        },
        "sleep_earlier": {
          "dCSI": 0.1025,
          "dCStab": 0.0897
        },
        "sleep_hygiene": {
          "dCSI": 0.1538,
          "dCStab": 0.1282
        },
        "nap": {
          "dCSI": 0.0513,
          "dCStab": 0.0385
        },
        "exercise_relax": {
          "dCSI": 0.0385,
          "dCStab": 0.0641
        }
      }
    },
    {
      "night_index": "02_20231109_BCG",
      "CSI": 0.010872173834616,
      "CStab": 1.0,
      "quality_ratio": 0.9671532846715328,
      "mean_std": 719.8488937076585,
      "mean_rms": 726.9467015578658,
      "mean_energy": 8753839616.28832,
      "anomaly_score": 0.4436801189356677,
      "is_anomaly": 1,
      "night_status": "bad",
      "action_effects": {
        "no_action": {
          "dCSI": -0.0256,
          "dCStab": -0.0128
        },
        "sleep_earlier": {
          "dCSI": 0.1024,
          "dCStab": 0.0896
        },
        "sleep_hygiene": {
          "dCSI": 0.1536,
          "dCStab": 0.128
        },
        "nap": {
          "dCSI": 0.0512,
          "dCStab": 0.0384
        },
        "exercise_relax": {
          "dCSI": 0.0384,
          "dCStab": 0.064
        }
      }
    }
  ]
}